GEOID,map_id,provider_time_weight_sum,avg_provider_time_weight,provider_count_timefile,z_access_map,fragmentation_index,frag_q,_ID
36005001600,36005001600,.8928571492433548,.29761904,3,.31412512,-.31412512,Low,4820
36005002300,36005002300,.3273809552192688,.32738096,1,-.46255448,.46255448,Moderate,4887
36005002500,36005002500,.3273809552192688,.32738096,1,-.46255448,.46255448,Moderate,4889
36005002701,36005002701,.3273809552192688,.32738096,1,-.46255448,.46255448,Moderate,4800
36005002702,36005002702,1.238095238804817,.61904764,2,.78830844,-.78830844,Least fragmented,4890
36005003100,36005003100,.565476194024086,.28273809,2,-.1355315,.1355315,Low,2802
36005003900,36005003900,.5059523731470108,.25297618,2,-.21728726,.21728726,Low,4894
36005004100,36005004100,.565476194024086,.28273809,2,-.1355315,.1355315,Low,5026
36005004200,36005004200,.2380952388048172,.23809524,1,-.58518809,.58518809,High,3702
36005004300,36005004300,.9523809552192688,.23809524,4,.39588085,-.39588085,Low,4895
36005004400,36005004400,.2380952388048172,.23809524,1,-.58518809,.58518809,High,4896
36005004800,36005004800,.2380952388048172,.23809524,1,-.58518809,.58518809,High,4897
36005005100,36005005100,1.458333343267441,.29166666,5,1.0908047,-1.0908047,Least fragmented,3703
36005005300,36005005300,.2380952388048172,.23809524,1,-.58518809,.58518809,High,3710
36005005600,36005005600,.2380952388048172,.23809524,1,-.58518809,.58518809,High,2806
36005006100,36005006100,.744047611951828,.24801587,3,.10973573,-.10973573,Low,4734
36005006500,36005006500,2.934523820877075,.36681548,8,3.1183472,-3.1183472,Least fragmented,1163
36005006900,36005006900,.4761904776096344,.23809524,2,-.25816512,.25816512,Low,2801
36005007100,36005007100,.7142857164144516,.23809524,3,.068857864,-.068857864,Low,4739
36005007300,36005007300,.3273809552192688,.32738096,1,-.46255448,.46255448,Moderate,4740
36005007400,36005007400,.2380952388048172,.23809524,1,-.58518809,.58518809,High,2838
36005007500,36005007500,.8333333283662796,.27777779,3,.23236935,-.23236935,Low,4741
36005007600,36005007600,.3273809552192688,.32738096,1,-.46255448,.46255448,Moderate,2571
36005007700,36005007700,.2380952388048172,.23809524,1,-.58518809,.58518809,High,4742
36005007900,36005007900,.2380952388048172,.23809524,1,-.58518809,.58518809,High,4744
36005008500,36005008500,.4761904776096344,.23809524,2,-.25816512,.25816512,Low,4822
36005008700,36005008700,.5059523731470108,.25297618,2,-.21728726,.21728726,Low,4853
36005008900,36005008900,1.238095238804817,.61904764,2,.78830844,-.78830844,Least fragmented,4845
36005009200,36005009200,.2380952388048172,.23809524,1,-.58518809,.58518809,High,4847
36005009301,36005009301,.4761904776096344,.23809524,2,-.25816512,.25816512,Low,4425
36005009600,36005009600,.3273809552192688,.32738096,1,-.46255448,.46255448,Moderate,3704
36005009800,36005009800,1,1,1,.46128544,-.46128544,Least fragmented,4849
36005011502,36005011502,.6547619104385376,.32738096,2,-.012897877,.012897877,Low,4855
36005011701,36005011701,.2380952388048172,.23809524,1,-.58518809,.58518809,High,4426
36005011900,36005011900,.2380952388048172,.23809524,1,-.58518809,.58518809,High,5027
36005012300,36005012300,.4761904776096344,.23809524,2,-.25816512,.25816512,Low,4938
36005012701,36005012701,.2380952388048172,.23809524,1,-.58518809,.58518809,High,4940
36005012901,36005012901,1.607142865657806,.26785713,6,1.295194,-1.295194,Least fragmented,3672
36005013300,36005013300,.3273809552192688,.32738096,1,-.46255448,.46255448,Moderate,2841
36005013500,36005013500,.4761904776096344,.23809524,2,-.25816512,.25816512,Low,4825
36005014100,36005014100,.8035714328289032,.26785713,3,.19149148,-.19149148,Low,2785
36005014500,36005014500,.4761904776096344,.23809524,2,-.25816512,.25816512,Low,2807
36005014701,36005014701,.2380952388048172,.23809524,1,-.58518809,.58518809,High,2560
36005014702,36005014702,.2380952388048172,.23809524,1,-.58518809,.58518809,High,3674
36005014900,36005014900,2.505952373147011,.62648809,4,2.5297058,-2.5297058,Least fragmented,4829
36005015100,36005015100,.2380952388048172,.23809524,1,-.58518809,.58518809,High,4830
36005015500,36005015500,.8035714328289032,.26785713,3,.19149148,-.19149148,Low,4831
36005015800,36005015800,1,1,1,.46128544,-.46128544,Least fragmented,2837
36005015900,36005015900,.8035714328289032,.26785713,3,.19149148,-.19149148,Low,2573
36005016100,36005016100,1.476190477609634,.49206349,3,1.1153314,-1.1153314,Least fragmented,4833
36005016700,36005016700,.2380952388048172,.23809524,1,-.58518809,.58518809,High,4925
36005017300,36005017300,.5059523731470108,.25297618,2,-.21728726,.21728726,Low,4927
36005017500,36005017500,.2380952388048172,.23809524,1,-.58518809,.58518809,High,4930
36005017701,36005017701,.3273809552192688,.32738096,1,-.46255448,.46255448,Moderate,3675
36005018102,36005018102,.2380952388048172,.23809524,1,-.58518809,.58518809,High,3661
36005018302,36005018302,1.238095238804817,.61904764,2,.78830844,-.78830844,Least fragmented,3679
36005018502,36005018502,.4761904776096344,.23809524,2,-.25816512,.25816512,Low,4459
36005019300,36005019300,1.238095238804817,.61904764,2,.78830844,-.78830844,Least fragmented,4933
36005019700,36005019700,.7142857164144516,.23809524,3,.068857864,-.068857864,Low,4758
36005020000,36005020000,5.04166667163372,.63020831,8,6.0125008,-6.0125008,Least fragmented,3693
36005020100,36005020100,.2380952388048172,.23809524,1,-.58518809,.58518809,High,4761
36005020200,36005020200,1,1,1,.46128544,-.46128544,Least fragmented,1164
36005020900,36005020900,.4761904776096344,.23809524,2,-.25816512,.25816512,Low,3705
36005021100,36005021100,.9821428656578064,.32738096,3,.43675873,-.43675873,Low,2787
36005021200,36005021200,.2380952388048172,.23809524,1,-.58518809,.58518809,High,4763
36005021301,36005021301,.3273809552192688,.32738096,1,-.46255448,.46255448,Moderate,4764
36005021302,36005021302,.2380952388048172,.23809524,1,-.58518809,.58518809,High,4765
36005021502,36005021502,.2380952388048172,.23809524,1,-.58518809,.58518809,High,4767
36005021700,36005021700,.565476194024086,.28273809,2,-.1355315,.1355315,Low,2568
36005022101,36005022101,.3273809552192688,.32738096,1,-.46255448,.46255448,Moderate,3663
36005022404,36005022404,.2380952388048172,.23809524,1,-.58518809,.58518809,High,2770
36005022500,36005022500,.5059523731470108,.25297618,2,-.21728726,.21728726,Low,4775
36005022701,36005022701,2,1,2,1.834782,-1.834782,Least fragmented,2791
36005022703,36005022703,3,1,3,3.2082787,-3.2082787,Least fragmented,1678
36005022902,36005022902,.3273809552192688,.32738096,1,-.46255448,.46255448,Moderate,2840
36005023000,36005023000,.3273809552192688,.32738096,1,-.46255448,.46255448,Moderate,1680
36005023100,36005023100,.3273809552192688,.32738096,1,-.46255448,.46255448,Moderate,4804
36005023301,36005023301,.4761904776096344,.23809524,2,-.25816512,.25816512,Low,2799
36005023302,36005023302,.565476194024086,.28273809,2,-.1355315,.1355315,Low,1682
36005023501,36005023501,.565476194024086,.28273809,2,-.1355315,.1355315,Low,2848
36005023702,36005023702,1.922619044780731,.48065478,4,1.7284995,-1.7284995,Least fragmented,2569
36005023703,36005023703,.2380952388048172,.23809524,1,-.58518809,.58518809,High,2564
36005023704,36005023704,.8035714328289032,.26785713,3,.19149148,-.19149148,Low,2772
36005023900,36005023900,.2380952388048172,.23809524,1,-.58518809,.58518809,High,1685
36005024000,36005024000,.2380952388048172,.23809524,1,-.58518809,.58518809,High,1686
36005024100,36005024100,.5059523731470108,.25297618,2,-.21728726,.21728726,Low,4805
36005024300,36005024300,1.845238104462624,.26360545,7,1.6222171,-1.6222171,Least fragmented,1687
36005024502,36005024502,.2380952388048172,.23809524,1,-.58518809,.58518809,High,3685
36005024800,36005024800,.4761904776096344,.23809524,2,-.25816512,.25816512,Low,1690
36005026300,36005026300,.2380952388048172,.23809524,1,-.58518809,.58518809,High,2833
36005026400,36005026400,.5059523731470108,.25297618,2,-.21728726,.21728726,Low,1699
36005026701,36005026701,.2380952388048172,.23809524,1,-.58518809,.58518809,High,3686
36005026702,36005026702,.2380952388048172,.23809524,1,-.58518809,.58518809,High,2565
36005027300,36005027300,.2380952388048172,.23809524,1,-.58518809,.58518809,High,1704
36005028100,36005028100,.2380952388048172,.23809524,1,-.58518809,.58518809,High,2790
36005028300,36005028300,.2380952388048172,.23809524,1,-.58518809,.58518809,High,1711
36005028400,36005028400,3.220238089561462,.46003401,7,3.5107749,-3.5107749,Least fragmented,1712
36005028500,36005028500,.2380952388048172,.23809524,1,-.58518809,.58518809,High,1713
36005028600,36005028600,4.744047611951828,.67772108,7,5.6037221,-5.6037221,Least fragmented,2794
36005028900,36005028900,1.476190477609634,.49206349,3,1.1153314,-1.1153314,Least fragmented,1714
36005029600,36005029600,3,1,3,3.2082787,-3.2082787,Least fragmented,1716
36005030000,36005030000,.2380952388048172,.23809524,1,-.58518809,.58518809,High,1717
36005030201,36005030201,.2380952388048172,.23809524,1,-.58518809,.58518809,High,4456
36005031200,36005031200,.2380952388048172,.23809524,1,-.58518809,.58518809,High,5029
36005032400,36005032400,.2380952388048172,.23809524,1,-.58518809,.58518809,High,1724
36005032600,36005032600,.2678571343421936,.26785713,1,-.54431027,.54431027,Moderate,3669
36005033000,36005033000,.3273809552192688,.32738096,1,-.46255448,.46255448,Moderate,2786
36005033202,36005033202,.9821428507566452,.24553572,4,.43675873,-.43675873,Low,3690
36005033700,36005033700,.2380952388048172,.23809524,1,-.58518809,.58518809,High,3695
36005034400,36005034400,.2380952388048172,.23809524,1,-.58518809,.58518809,High,1730
36005035900,36005035900,1.892857149243355,.4732143,4,1.6876217,-1.6876217,Least fragmented,5002
36005036400,36005036400,.2380952388048172,.23809524,1,-.58518809,.58518809,High,4793
36005036501,36005036501,.5952380895614624,.29761904,2,-.094653636,.094653636,Low,2849
36005036502,36005036502,.3273809552192688,.32738096,1,-.46255448,.46255448,Moderate,5005
36005036901,36005036901,.565476194024086,.28273809,2,-.1355315,.1355315,Low,4791
36005036902,36005036902,.3273809552192688,.32738096,1,-.46255448,.46255448,Moderate,5015
36005037000,36005037000,.3273809552192688,.32738096,1,-.46255448,.46255448,Moderate,5022
36005037504,36005037504,1.595238089561462,.53174603,3,1.2788429,-1.2788429,Least fragmented,3708
36005037800,36005037800,.4761904776096344,.23809524,2,-.25816512,.25816512,Low,1731
36005037900,36005037900,.2380952388048172,.23809524,1,-.58518809,.58518809,High,1732
36005038000,36005038000,.2380952388048172,.23809524,1,-.58518809,.58518809,High,1733
36005038301,36005038301,.3273809552192688,.32738096,1,-.46255448,.46255448,Moderate,3667
36005038303,36005038303,.2380952388048172,.23809524,1,-.58518809,.58518809,High,4457
36005038304,36005038304,.2380952388048172,.23809524,1,-.58518809,.58518809,High,4463
36005038500,36005038500,2.309523805975914,.38492063,6,2.2599118,-2.2599118,Least fragmented,1735
36005038700,36005038700,.4761904776096344,.23809524,2,-.25816512,.25816512,Low,1737
36005038900,36005038900,.7142857164144516,.23809524,3,.068857864,-.068857864,Low,1738
36005039000,36005039000,.2380952388048172,.23809524,1,-.58518809,.58518809,High,2803
36005039500,36005039500,.8035714328289032,.26785713,3,.19149148,-.19149148,Low,3698
36005039902,36005039902,.2380952388048172,.23809524,1,-.58518809,.58518809,High,1744
36005040400,36005040400,.2380952388048172,.23809524,1,-.58518809,.58518809,High,2845
36005040800,36005040800,.3273809552192688,.32738096,1,-.46255448,.46255448,Moderate,4989
36005040900,36005040900,.2380952388048172,.23809524,1,-.58518809,.58518809,High,4981
36005041300,36005041300,.4761904776096344,.23809524,2,-.25816512,.25816512,Low,4986
36005041800,36005041800,1.535714268684387,.51190478,3,1.1970872,-1.1970872,Least fragmented,4988
36005041900,36005041900,.744047611951828,.24801587,3,.10973573,-.10973573,Low,4990
36005042000,36005042000,1,1,1,.46128544,-.46128544,Least fragmented,2836
36005042100,36005042100,6.238095238804817,.89115644,7,7.6557913,-7.6557913,Least fragmented,4991
36005042200,36005042200,.4761904776096344,.23809524,2,-.25816512,.25816512,Low,4992
36005042500,36005042500,1,1,1,.46128544,-.46128544,Least fragmented,4995
36005042901,36005042901,.5059523731470108,.25297618,2,-.21728726,.21728726,Low,4816
36005043101,36005043101,.4761904776096344,.23809524,2,-.25816512,.25816512,Low,4443
36005046000,36005046000,.2380952388048172,.23809524,1,-.58518809,.58518809,High,2846
36005046205,36005046205,.2380952388048172,.23809524,1,-.58518809,.58518809,High,4449
36005046207,36005046207,.2380952388048172,.23809524,1,-.58518809,.58518809,High,4442
36005046208,36005046208,.7142857164144516,.23809524,3,.068857864,-.068857864,Low,4441
36005046209,36005046209,.2380952388048172,.23809524,1,-.58518809,.58518809,High,4445
36047000200,36047000200,.5059523731470108,.25297618,2,-.21728726,.21728726,Low,2715
36047000502,36047000502,.3273809552192688,.32738096,1,-.46255448,.46255448,Moderate,2074
36047000700,36047000700,1,1,1,.46128544,-.46128544,Least fragmented,2774
36047000900,36047000900,.5952380895614624,.29761904,2,-.094653636,.094653636,Low,2775
36047001100,36047001100,.2380952388048172,.23809524,1,-.58518809,.58518809,High,2776
36047001300,36047001300,.2380952388048172,.23809524,1,-.58518809,.58518809,High,2777
36047001502,36047001502,.7142857164144516,.23809524,3,.068857864,-.068857864,Low,1605
36047002200,36047002200,5.04166667163372,.63020831,8,6.0125008,-6.0125008,Least fragmented,2780
36047002901,36047002901,.565476194024086,.28273809,2,-.1355315,.1355315,Low,2781
36047003101,36047003101,.4761904776096344,.23809524,2,-.25816512,.25816512,Low,1554
36047003300,36047003300,1.327380955219269,.66369045,2,.91094208,-.91094208,Least fragmented,2542
36047003700,36047003700,1.04166667163372,.26041666,4,.51851445,-.51851445,Least fragmented,2783
36047003900,36047003900,.2380952388048172,.23809524,1,-.58518809,.58518809,High,2784
36047005100,36047005100,1,1,1,.46128544,-.46128544,Least fragmented,2537
36047005202,36047005202,1,1,1,.46128544,-.46128544,Least fragmented,2427
36047005301,36047005301,.2380952388048172,.23809524,1,-.58518809,.58518809,High,1566
36047005303,36047005303,.3273809552192688,.32738096,1,-.46255448,.46255448,Moderate,1601
36047005900,36047005900,.2380952388048172,.23809524,1,-.58518809,.58518809,High,5069
36047006500,36047006500,.4761904776096344,.23809524,2,-.25816512,.25816512,Low,5073
36047006600,36047006600,.5059523731470108,.25297618,2,-.21728726,.21728726,Low,5074
36047007000,36047007000,.7142857164144516,.23809524,3,.068857864,-.068857864,Low,5077
36047007200,36047007200,.3273809552192688,.32738096,1,-.46255448,.46255448,Moderate,5079
36047007400,36047007400,.2380952388048172,.23809524,1,-.58518809,.58518809,High,2342
36047008000,36047008000,.2380952388048172,.23809524,1,-.58518809,.58518809,High,2462
36047008200,36047008200,.2380952388048172,.23809524,1,-.58518809,.58518809,High,2600
36047008400,36047008400,.4761904776096344,.23809524,2,-.25816512,.25816512,Low,5081
36047009201,36047009201,.2380952388048172,.23809524,1,-.58518809,.58518809,High,1570
36047009202,36047009202,1,1,1,.46128544,-.46128544,Least fragmented,1569
36047009800,36047009800,1.505952373147011,.50198412,3,1.1562092,-1.1562092,Least fragmented,5094
36047010200,36047010200,.2380952388048172,.23809524,1,-.58518809,.58518809,High,2423
36047010601,36047010601,.2380952388048172,.23809524,1,-.58518809,.58518809,High,1597
36047010801,36047010801,1,1,1,.46128544,-.46128544,Least fragmented,1619
36047010802,36047010802,1,1,1,.46128544,-.46128544,Least fragmented,1621
36047011400,36047011400,1.238095238804817,.61904764,2,.78830844,-.78830844,Least fragmented,5099
36047011700,36047011700,.2678571343421936,.26785713,1,-.54431027,.54431027,Moderate,5101
36047011800,36047011800,2,1,2,1.834782,-1.834782,Least fragmented,2493
36047012000,36047012000,3.476190477609634,.69523811,5,3.8623245,-3.8623245,Least fragmented,5102
36047012700,36047012700,.2380952388048172,.23809524,1,-.58518809,.58518809,High,5104
36047013400,36047013400,.3273809552192688,.32738096,1,-.46255448,.46255448,Moderate,5109
36047013500,36047013500,.2380952388048172,.23809524,1,-.58518809,.58518809,High,2436
36047013700,36047013700,1,1,1,.46128544,-.46128544,Least fragmented,5111
36047014000,36047014000,.2380952388048172,.23809524,1,-.58518809,.58518809,High,2500
36047014101,36047014101,.3273809552192688,.32738096,1,-.46255448,.46255448,Moderate,1559
36047015300,36047015300,2.565476194024086,.64136904,4,2.6114616,-2.6114616,Least fragmented,2724
36047016000,36047016000,2.327380955219269,.77579367,3,2.2844386,-2.2844386,Least fragmented,2388
36047017000,36047017000,.2380952388048172,.23809524,1,-.58518809,.58518809,High,3370
36047017800,36047017800,.3273809552192688,.32738096,1,-.46255448,.46255448,Moderate,2813
36047018501,36047018501,.2380952388048172,.23809524,1,-.58518809,.58518809,High,2818
36047018700,36047018700,.2380952388048172,.23809524,1,-.58518809,.58518809,High,2820
36047019200,36047019200,2,1,2,1.834782,-1.834782,Least fragmented,2823
36047019400,36047019400,.2380952388048172,.23809524,1,-.58518809,.58518809,High,2327
36047020100,36047020100,.2380952388048172,.23809524,1,-.58518809,.58518809,High,3371
36047021400,36047021400,.2380952388048172,.23809524,1,-.58518809,.58518809,High,2860
36047021600,36047021600,1,1,1,.46128544,-.46128544,Least fragmented,2539
36047021900,36047021900,.4761904776096344,.23809524,2,-.25816512,.25816512,Low,2862
36047022200,36047022200,.2678571343421936,.26785713,1,-.54431027,.54431027,Moderate,3372
36047022400,36047022400,1,1,1,.46128544,-.46128544,Least fragmented,2142
36047022600,36047022600,1.714285716414452,.42857143,4,1.4423544,-1.4423544,Least fragmented,2143
36047022800,36047022800,.2678571343421936,.26785713,1,-.54431027,.54431027,Moderate,2145
36047023000,36047023000,.2380952388048172,.23809524,1,-.58518809,.58518809,High,2146
36047023200,36047023200,.5952380895614624,.29761904,2,-.094653636,.094653636,Low,2552
36047023300,36047023300,.2380952388048172,.23809524,1,-.58518809,.58518809,High,2148
36047023400,36047023400,.8035714328289032,.26785713,3,.19149148,-.19149148,Low,2149
36047023500,36047023500,.3273809552192688,.32738096,1,-.46255448,.46255448,Moderate,2150
36047023600,36047023600,1.238095238804817,.61904764,2,.78830844,-.78830844,Least fragmented,2151
36047024000,36047024000,.2380952388048172,.23809524,1,-.58518809,.58518809,High,2153
36047024100,36047024100,.2380952388048172,.23809524,1,-.58518809,.58518809,High,2415
36047024200,36047024200,.2678571343421936,.26785713,1,-.54431027,.54431027,Moderate,2154
36047024500,36047024500,.2380952388048172,.23809524,1,-.58518809,.58518809,High,2156
36047024600,36047024600,1,1,1,.46128544,-.46128544,Least fragmented,2157
36047025000,36047025000,.2380952388048172,.23809524,1,-.58518809,.58518809,High,2160
36047026900,36047026900,.3273809552192688,.32738096,1,-.46255448,.46255448,Moderate,2545
36047027000,36047027000,.4761904776096344,.23809524,2,-.25816512,.25816512,Low,2213
36047027100,36047027100,1,1,1,.46128544,-.46128544,Least fragmented,1269
36047027300,36047027300,.2678571343421936,.26785713,1,-.54431027,.54431027,Moderate,3376
36047027700,36047027700,.2678571343421936,.26785713,1,-.54431027,.54431027,Moderate,2218
36047028501,36047028501,2.113095238804817,.26413691,8,1.9901179,-1.9901179,Least fragmented,2369
36047028502,36047028502,.2380952388048172,.23809524,1,-.58518809,.58518809,High,2222
36047028700,36047028700,.2380952388048172,.23809524,1,-.58518809,.58518809,High,2224
36047029000,36047029000,.2380952388048172,.23809524,1,-.58518809,.58518809,High,2226
36047029900,36047029900,.2380952388048172,.23809524,1,-.58518809,.58518809,High,2232
36047030300,36047030300,.2380952388048172,.23809524,1,-.58518809,.58518809,High,2608
36047030500,36047030500,1.773809507489204,.44345239,4,1.5241101,-1.5241101,Least fragmented,4858
36047030600,36047030600,.2678571343421936,.26785713,1,-.54431027,.54431027,Moderate,2265
36047030900,36047030900,.2380952388048172,.23809524,1,-.58518809,.58518809,High,2503
36047031300,36047031300,.2380952388048172,.23809524,1,-.58518809,.58518809,High,2433
36047031701,36047031701,.3273809552192688,.32738096,1,-.46255448,.46255448,Moderate,2271
36047031702,36047031702,.4761904776096344,.23809524,2,-.25816512,.25816512,Low,2609
36047032300,36047032300,.3273809552192688,.32738096,1,-.46255448,.46255448,Moderate,2274
36047032600,36047032600,1.04166667163372,.26041666,4,.51851445,-.51851445,Least fragmented,3378
36047032800,36047032800,.2380952388048172,.23809524,1,-.58518809,.58518809,High,2276
36047032900,36047032900,.2380952388048172,.23809524,1,-.58518809,.58518809,High,2385
36047034200,36047034200,.4761904776096344,.23809524,2,-.25816512,.25816512,Low,2283
36047034500,36047034500,.5952380895614624,.29761904,2,-.094653636,.094653636,Low,2285
36047034700,36047034700,.9523809552192688,.23809524,4,.39588085,-.39588085,Low,3379
36047035000,36047035000,.8035714328289032,.26785713,3,.19149148,-.19149148,Low,2171
36047035102,36047035102,.3273809552192688,.32738096,1,-.46255448,.46255448,Moderate,1581
36047035200,36047035200,.3273809552192688,.32738096,1,-.46255448,.46255448,Moderate,2172
36047035400,36047035400,.2380952388048172,.23809524,1,-.58518809,.58518809,High,2173
36047035601,36047035601,.2380952388048172,.23809524,1,-.58518809,.58518809,High,4797
36047035900,36047035900,.3273809552192688,.32738096,1,-.46255448,.46255448,Moderate,2175
36047036300,36047036300,.2380952388048172,.23809524,1,-.58518809,.58518809,High,2389
36047036502,36047036502,.2380952388048172,.23809524,1,-.58518809,.58518809,High,2244
36047037401,36047037401,.2380952388048172,.23809524,1,-.58518809,.58518809,High,2082
36047037900,36047037900,.2380952388048172,.23809524,1,-.58518809,.58518809,High,2240
36047038600,36047038600,.2380952388048172,.23809524,1,-.58518809,.58518809,High,2248
36047039500,36047039500,.3273809552192688,.32738096,1,-.46255448,.46255448,Moderate,2294
36047039700,36047039700,.3273809552192688,.32738096,1,-.46255448,.46255448,Moderate,2297
36047040300,36047040300,.2380952388048172,.23809524,1,-.58518809,.58518809,High,2290
36047041200,36047041200,.2380952388048172,.23809524,1,-.58518809,.58518809,High,2293
36047041700,36047041700,.2380952388048172,.23809524,1,-.58518809,.58518809,High,2329
36047042000,36047042000,1,1,1,.46128544,-.46128544,Least fragmented,2380
36047042100,36047042100,.3273809552192688,.32738096,1,-.46255448,.46255448,Moderate,2307
36047042200,36047042200,.2380952388048172,.23809524,1,-.58518809,.58518809,High,2428
36047042600,36047042600,.2380952388048172,.23809524,1,-.58518809,.58518809,High,2310
36047042800,36047042800,.2380952388048172,.23809524,1,-.58518809,.58518809,High,2312
36047042900,36047042900,.5059523731470108,.25297618,2,-.21728726,.21728726,Low,2313
36047043000,36047043000,1.238095238804817,.61904764,2,.78830844,-.78830844,Least fragmented,2314
36047043100,36047043100,1.238095238804817,.61904764,2,.78830844,-.78830844,Least fragmented,2315
36047043300,36047043300,.2380952388048172,.23809524,1,-.58518809,.58518809,High,2349
36047043500,36047043500,.2380952388048172,.23809524,1,-.58518809,.58518809,High,2351
36047043800,36047043800,.2380952388048172,.23809524,1,-.58518809,.58518809,High,2621
36047043900,36047043900,.3273809552192688,.32738096,1,-.46255448,.46255448,Moderate,2352
36047044000,36047044000,.3273809552192688,.32738096,1,-.46255448,.46255448,Moderate,2353
36047044300,36047044300,1,1,1,.46128544,-.46128544,Least fragmented,2356
36047044500,36047044500,1.327380955219269,.66369045,2,.91094208,-.91094208,Least fragmented,2358
36047044600,36047044600,.2380952388048172,.23809524,1,-.58518809,.58518809,High,2359
36047045200,36047045200,.2380952388048172,.23809524,1,-.58518809,.58518809,High,2361
36047045300,36047045300,.3273809552192688,.32738096,1,-.46255448,.46255448,Moderate,2362
36047045400,36047045400,.3273809552192688,.32738096,1,-.46255448,.46255448,Moderate,2363
36047046000,36047046000,.8035714328289032,.26785713,3,.19149148,-.19149148,Low,1272
36047046201,36047046201,.3273809552192688,.32738096,1,-.46255448,.46255448,Moderate,2261
36047047200,36047047200,.5059523731470108,.25297618,2,-.21728726,.21728726,Low,2623
36047047800,36047047800,.2380952388048172,.23809524,1,-.58518809,.58518809,High,2400
36047048000,36047048000,.7142857164144516,.23809524,3,.068857864,-.068857864,Low,2401
36047049000,36047049000,1.238095238804817,.61904764,2,.78830844,-.78830844,Least fragmented,2441
36047049100,36047049100,.744047611951828,.24801587,3,.10973573,-.10973573,Low,2624
36047049301,36047049301,.3273809552192688,.32738096,1,-.46255448,.46255448,Moderate,1576
36047049302,36047049302,.2380952388048172,.23809524,1,-.58518809,.58518809,High,1577
36047049400,36047049400,.2380952388048172,.23809524,1,-.58518809,.58518809,High,2439
36047049500,36047049500,.3273809552192688,.32738096,1,-.46255448,.46255448,Moderate,2491
36047050500,36047050500,.2380952388048172,.23809524,1,-.58518809,.58518809,High,2479
36047050803,36047050803,.2380952388048172,.23809524,1,-.58518809,.58518809,High,2084
36047051002,36047051002,.4761904776096344,.23809524,2,-.25816512,.25816512,Low,2086
36047051602,36047051602,.2380952388048172,.23809524,1,-.58518809,.58518809,High,4806
36047052000,36047052000,1,1,1,.46128544,-.46128544,Least fragmented,2519
36047052300,36047052300,.2380952388048172,.23809524,1,-.58518809,.58518809,High,2520
36047052900,36047052900,.2678571343421936,.26785713,1,-.54431027,.54431027,Moderate,2522
36047053000,36047053000,.2380952388048172,.23809524,1,-.58518809,.58518809,High,2523
36047053101,36047053101,.4761904776096344,.23809524,2,-.25816512,.25816512,Low,1625
36047053500,36047053500,.3273809552192688,.32738096,1,-.46255448,.46255448,Moderate,2526
36047053700,36047053700,1.279761880636215,.25595239,5,.84553742,-.84553742,Least fragmented,2577
36047053900,36047053900,.3273809552192688,.32738096,1,-.46255448,.46255448,Moderate,2580
36047054600,36047054600,.2380952388048172,.23809524,1,-.58518809,.58518809,High,2430
36047054700,36047054700,.565476194024086,.28273809,2,-.1355315,.1355315,Low,2578
36047055000,36047055000,.2380952388048172,.23809524,1,-.58518809,.58518809,High,2584
36047055200,36047055200,.2380952388048172,.23809524,1,-.58518809,.58518809,High,2626
36047055400,36047055400,3.476190477609634,.69523811,5,3.8623245,-3.8623245,Least fragmented,2586
36047055600,36047055600,.2678571343421936,.26785713,1,-.54431027,.54431027,Moderate,2588
36047057000,36047057000,.2380952388048172,.23809524,1,-.58518809,.58518809,High,2648
36047057200,36047057200,.2380952388048172,.23809524,1,-.58518809,.58518809,High,2472
36047057400,36047057400,.2678571343421936,.26785713,1,-.54431027,.54431027,Moderate,2412
36047057500,36047057500,.3273809552192688,.32738096,1,-.46255448,.46255448,Moderate,2643
36047059402,36047059402,.3273809552192688,.32738096,1,-.46255448,.46255448,Moderate,2470
36047060000,36047060000,.2380952388048172,.23809524,1,-.58518809,.58518809,High,2754
36047060800,36047060800,.2380952388048172,.23809524,1,-.58518809,.58518809,High,2755
36047061004,36047061004,.2380952388048172,.23809524,1,-.58518809,.58518809,High,1389
36047064200,36047064200,2,1,2,1.834782,-1.834782,Least fragmented,2502
36047064600,36047064600,.2380952388048172,.23809524,1,-.58518809,.58518809,High,3399
36047067600,36047067600,.5059523731470108,.25297618,2,-.21728726,.21728726,Low,2125
36047069000,36047069000,.2380952388048172,.23809524,1,-.58518809,.58518809,High,2696
36047074600,36047074600,2,1,2,1.834782,-1.834782,Least fragmented,2181
36047074800,36047074800,.4761904776096344,.23809524,2,-.25816512,.25816512,Low,2182
36047075000,36047075000,.2380952388048172,.23809524,1,-.58518809,.58518809,High,2488
36047076200,36047076200,.4761904776096344,.23809524,2,-.25816512,.25816512,Low,2185
36047076800,36047076800,.565476194024086,.28273809,2,-.1355315,.1355315,Low,4941
36047078802,36047078802,.5357142686843872,.26785713,2,-.17640941,.17640941,Low,1565
36047079201,36047079201,.4761904776096344,.23809524,2,-.25816512,.25816512,Low,1573
36047079400,36047079400,.2380952388048172,.23809524,1,-.58518809,.58518809,High,2364
36047080200,36047080200,.2380952388048172,.23809524,1,-.58518809,.58518809,High,2374
36047080400,36047080400,.5059523731470108,.25297618,2,-.21728726,.21728726,Low,2365
36047080600,36047080600,.2380952388048172,.23809524,1,-.58518809,.58518809,High,2366
36047081000,36047081000,.2380952388048172,.23809524,1,-.58518809,.58518809,High,2434
36047081600,36047081600,2,1,2,1.834782,-1.834782,Least fragmented,2339
36047081800,36047081800,.3273809552192688,.32738096,1,-.46255448,.46255448,Moderate,3401
36047082000,36047082000,.565476194024086,.28273809,2,-.1355315,.1355315,Low,2404
36047084600,36047084600,.2678571343421936,.26785713,1,-.54431027,.54431027,Moderate,2701
36047085600,36047085600,1,1,1,.46128544,-.46128544,Least fragmented,2741
36047087000,36047087000,.2380952388048172,.23809524,1,-.58518809,.58518809,High,2744
36047087401,36047087401,.2380952388048172,.23809524,1,-.58518809,.58518809,High,2745
36047087600,36047087600,1.565476194024086,.52182537,3,1.237965,-1.237965,Least fragmented,2746
36047089000,36047089000,.2380952388048172,.23809524,1,-.58518809,.58518809,High,5058
36047089200,36047089200,.2678571343421936,.26785713,1,-.54431027,.54431027,Moderate,5059
36047090600,36047090600,.4761904776096344,.23809524,2,-.25816512,.25816512,Low,2678
36047090800,36047090800,.5059523731470108,.25297618,2,-.21728726,.21728726,Low,2679
36047091000,36047091000,.5,.5,1,-.22546282,.22546282,Low,2680
36047092000,36047092000,.2380952388048172,.23809524,1,-.58518809,.58518809,High,2676
36047092400,36047092400,.565476194024086,.28273809,2,-.1355315,.1355315,Low,4777
36047092800,36047092800,1.5,.75,2,1.1480337,-1.1480337,Least fragmented,2390
36047095000,36047095000,.2380952388048172,.23809524,1,-.58518809,.58518809,High,2765
36047096400,36047096400,.5059523731470108,.25297618,2,-.21728726,.21728726,Low,2191
36047098200,36047098200,.4761904776096344,.23809524,2,-.25816512,.25816512,Low,2704
36047098800,36047098800,.2380952388048172,.23809524,1,-.58518809,.58518809,High,2333
36047110400,36047110400,.2380952388048172,.23809524,1,-.58518809,.58518809,High,4848
36047111600,36047111600,.2380952388048172,.23809524,1,-.58518809,.58518809,High,4856
36047112000,36047112000,.2380952388048172,.23809524,1,-.58518809,.58518809,High,2497
36047112800,36047112800,.2380952388048172,.23809524,1,-.58518809,.58518809,High,3266
36047113000,36047113000,.2678571343421936,.26785713,1,-.54431027,.54431027,Moderate,3267
36047113400,36047113400,.7142857164144516,.23809524,3,.068857864,-.068857864,Low,3403
36047114400,36047114400,.8928571492433548,.29761904,3,.31412512,-.31412512,Low,4759
36047114600,36047114600,.2678571343421936,.26785713,1,-.54431027,.54431027,Moderate,3322
36047115200,36047115200,.3273809552192688,.32738096,1,-.46255448,.46255448,Moderate,3323
36047115600,36047115600,.2380952388048172,.23809524,1,-.58518809,.58518809,High,3324
36047116400,36047116400,.4761904776096344,.23809524,2,-.25816512,.25816512,Low,3326
36047116800,36047116800,.2380952388048172,.23809524,1,-.58518809,.58518809,High,2425
36047118202,36047118202,.4761904776096344,.23809524,2,-.25816512,.25816512,Low,3337
36047119600,36047119600,.2380952388048172,.23809524,1,-.58518809,.58518809,High,3343
36047120803,36047120803,.2380952388048172,.23809524,1,-.58518809,.58518809,High,1614
36047121000,36047121000,.2380952388048172,.23809524,1,-.58518809,.58518809,High,3346
36047123700,36047123700,1.101190462708473,.27529761,4,.60027021,-.60027021,Least fragmented,5376
36061000201,36061000201,.2380952388048172,.23809524,1,-.58518809,.58518809,High,1115
36061001200,36061001200,.3273809552192688,.32738096,1,-.46255448,.46255448,Moderate,1122
36061001300,36061001300,.4761904776096344,.23809524,2,-.25816512,.25816512,Low,1123
36061001401,36061001401,.5952380895614624,.29761904,2,-.094653636,.094653636,Low,1124
36061001402,36061001402,1,1,1,.46128544,-.46128544,Least fragmented,1020
36061001501,36061001501,1.238095238804817,.61904764,2,.78830844,-.78830844,Least fragmented,4180
36061001600,36061001600,.9523809552192688,.23809524,4,.39588085,-.39588085,Low,4181
36061001800,36061001800,.5059523731470108,.25297618,2,-.21728726,.21728726,Low,4182
36061002000,36061002000,.2380952388048172,.23809524,1,-.58518809,.58518809,High,4183
36061002100,36061002100,.2380952388048172,.23809524,1,-.58518809,.58518809,High,1019
36061002601,36061002601,.3273809552192688,.32738096,1,-.46255448,.46255448,Moderate,4187
36061002700,36061002700,.2380952388048172,.23809524,1,-.58518809,.58518809,High,4197
36061002800,36061002800,.2380952388048172,.23809524,1,-.58518809,.58518809,High,4198
36061002901,36061002901,1.238095238804817,.61904764,2,.78830844,-.78830844,Least fragmented,3755
36061002902,36061002902,.3273809552192688,.32738096,1,-.46255448,.46255448,Moderate,3740
36061003002,36061003002,.565476194024086,.28273809,2,-.1355315,.1355315,Low,1071
36061003400,36061003400,.2380952388048172,.23809524,1,-.58518809,.58518809,High,1068
36061003601,36061003601,1,1,1,.46128544,-.46128544,Least fragmented,4202
36061003602,36061003602,.7142857164144516,.23809524,3,.068857864,-.068857864,Low,960
36061003800,36061003800,.2678571343421936,.26785713,1,-.54431027,.54431027,Moderate,4203
36061004001,36061004001,1,1,1,.46128544,-.46128544,Least fragmented,349
36061004300,36061004300,.565476194024086,.28273809,2,-.1355315,.1355315,Low,4206
36061004500,36061004500,1.101190462708473,.27529761,4,.60027021,-.60027021,Least fragmented,4221
36061004700,36061004700,.2380952388048172,.23809524,1,-.58518809,.58518809,High,4222
36061004800,36061004800,2.267857134342194,.75595236,3,2.2026827,-2.2026827,Least fragmented,1000
36061005000,36061005000,.9523809552192688,.23809524,4,.39588085,-.39588085,Low,1087
36061005400,36061005400,.2380952388048172,.23809524,1,-.58518809,.58518809,High,4224
36061005501,36061005501,.2380952388048172,.23809524,1,-.58518809,.58518809,High,4225
36061005502,36061005502,.565476194024086,.28273809,2,-.1355315,.1355315,Low,961
36061005800,36061005800,.4761904776096344,.23809524,2,-.25816512,.25816512,Low,4228
36061006100,36061006100,1,1,1,.46128544,-.46128544,Least fragmented,4230
36061006300,36061006300,.2380952388048172,.23809524,1,-.58518809,.58518809,High,1064
36061006400,36061006400,2.220238089561462,.37003967,6,2.1372783,-2.1372783,Least fragmented,4232
36061006600,36061006600,2.517857149243355,.35969388,7,2.546057,-2.546057,Least fragmented,1003
36061006700,36061006700,1,1,1,.46128544,-.46128544,Least fragmented,4234
36061006800,36061006800,.2380952388048172,.23809524,1,-.58518809,.58518809,High,4235
36061007001,36061007001,4,1,4,4.5817752,-4.5817752,Least fragmented,3753
36061007002,36061007002,1.238095238804817,.61904764,2,.78830844,-.78830844,Least fragmented,3756
36061007100,36061007100,2,1,2,1.834782,-1.834782,Least fragmented,4237
36061007200,36061007200,2.238095238804817,.74603176,3,2.1618049,-2.1618049,Least fragmented,1091
36061007800,36061007800,2.238095238804817,.74603176,3,2.1618049,-2.1618049,Least fragmented,4251
36061008100,36061008100,.3273809552192688,.32738096,1,-.46255448,.46255448,Moderate,4253
36061008300,36061008300,1.565476194024086,.52182537,3,1.237965,-1.237965,Least fragmented,958
36061008400,36061008400,.2380952388048172,.23809524,1,-.58518809,.58518809,High,4254
36061008601,36061008601,2,1,2,1.834782,-1.834782,Least fragmented,851
36061008603,36061008603,1,1,1,.46128544,-.46128544,Least fragmented,2061
36061008800,36061008800,.4761904776096344,.23809524,2,-.25816512,.25816512,Low,4256
36061008900,36061008900,.3273809552192688,.32738096,1,-.46255448,.46255448,Moderate,1084
36061009000,36061009000,.5059523731470108,.25297618,2,-.21728726,.21728726,Low,4258
36061009100,36061009100,1.565476194024086,.52182537,3,1.237965,-1.237965,Least fragmented,1002
36061009300,36061009300,.3273809552192688,.32738096,1,-.46255448,.46255448,Moderate,4260
36061009500,36061009500,.2380952388048172,.23809524,1,-.58518809,.58518809,High,1059
36061009600,36061009600,.2380952388048172,.23809524,1,-.58518809,.58518809,High,4262
36061009700,36061009700,.2380952388048172,.23809524,1,-.58518809,.58518809,High,955
36061009800,36061009800,.2380952388048172,.23809524,1,-.58518809,.58518809,High,4263
36061009903,36061009903,.9821428507566452,.24553572,4,.43675873,-.43675873,Low,3733
36061010000,36061010000,.2380952388048172,.23809524,1,-.58518809,.58518809,High,4264
36061010100,36061010100,.2380952388048172,.23809524,1,-.58518809,.58518809,High,892
36061010300,36061010300,.8333333283662796,.27777779,3,.23236935,-.23236935,Low,4266
36061010602,36061010602,1.238095238804817,.61904764,2,.78830844,-.78830844,Least fragmented,876
36061011000,36061011000,3.011904746294022,.50198412,6,3.2246296,-3.2246296,Least fragmented,878
36061011100,36061011100,1.04166667163372,.26041666,4,.51851445,-.51851445,Least fragmented,1086
36061011202,36061011202,1,1,1,.46128544,-.46128544,Least fragmented,879
36061011402,36061011402,.5059523731470108,.25297618,2,-.21728726,.21728726,Low,4281
36061011500,36061011500,.2380952388048172,.23809524,1,-.58518809,.58518809,High,4282
36061011600,36061011600,4.190476194024086,.52380955,8,4.8433933,-4.8433933,Least fragmented,997
36061011800,36061011800,1.071428567171097,.26785713,4,.55939233,-.55939233,Least fragmented,1067
36061012102,36061012102,.3273809552192688,.32738096,1,-.46255448,.46255448,Moderate,3757
36061012400,36061012400,3.934523805975914,.39345238,10,4.4918437,-4.4918437,Least fragmented,4286
36061012601,36061012601,.2380952388048172,.23809524,1,-.58518809,.58518809,High,3731
36061012700,36061012700,.565476194024086,.28273809,2,-.1355315,.1355315,Low,4306
36061012800,36061012800,2,1,2,1.834782,-1.834782,Least fragmented,4307
36061013100,36061013100,.4761904776096344,.23809524,2,-.25816512,.25816512,Low,1072
36061013201,36061013201,.5059523731470108,.25297618,2,-.21728726,.21728726,Low,3742
36061013203,36061013203,.7142857164144516,.23809524,3,.068857864,-.068857864,Low,351
36061013300,36061013300,1.071428567171097,.26785713,4,.55939233,-.55939233,Least fragmented,4309
36061013400,36061013400,.4761904776096344,.23809524,2,-.25816512,.25816512,Low,4310
36061013502,36061013502,.9523809552192688,.23809524,4,.39588085,-.39588085,Low,3750
36061014000,36061014000,.2678571343421936,.26785713,1,-.54431027,.54431027,Moderate,4316
36061014700,36061014700,1.744047611951828,.43601191,4,1.4832323,-1.4832323,Least fragmented,893
36061014801,36061014801,1,1,1,.46128544,-.46128544,Least fragmented,4321
36061015001,36061015001,.2380952388048172,.23809524,1,-.58518809,.58518809,High,894
36061015101,36061015101,1.714285716414452,.42857143,4,1.4423544,-1.4423544,Least fragmented,3747
36061015402,36061015402,.3273809552192688,.32738096,1,-.46255448,.46255448,Moderate,348
36061015403,36061015403,.2380952388048172,.23809524,1,-.58518809,.58518809,High,347
36061015501,36061015501,.2380952388048172,.23809524,1,-.58518809,.58518809,High,3758
36061015602,36061015602,1.267857134342194,.63392854,2,.82918632,-.82918632,Least fragmented,1008
36061015801,36061015801,.2380952388048172,.23809524,1,-.58518809,.58518809,High,4325
36061015802,36061015802,.2380952388048172,.23809524,1,-.58518809,.58518809,High,1089
36061016002,36061016002,.5357142686843872,.26785713,2,-.17640941,.17640941,Low,998
36061016200,36061016200,.5059523731470108,.25297618,2,-.21728726,.21728726,Low,4356
36061016400,36061016400,.4761904776096344,.23809524,2,-.25816512,.25816512,Low,5307
36061016800,36061016800,2.476190477609634,.61904764,4,2.4888279,-2.4888279,Least fragmented,4359
36061016900,36061016900,.2380952388048172,.23809524,1,-.58518809,.58518809,High,5306
36061017000,36061017000,.7142857164144516,.23809524,3,.068857864,-.068857864,Low,4360
36061017200,36061017200,.2380952388048172,.23809524,1,-.58518809,.58518809,High,1053
36061017401,36061017401,.4761904776096344,.23809524,2,-.25816512,.25816512,Low,1007
36061017402,36061017402,.4761904776096344,.23809524,2,-.25816512,.25816512,Low,4363
36061017500,36061017500,1,1,1,.46128544,-.46128544,Least fragmented,4364
36061017700,36061017700,.2380952388048172,.23809524,1,-.58518809,.58518809,High,4365
36061017800,36061017800,1.803571432828903,.45089287,4,1.564988,-1.564988,Least fragmented,4366
36061018100,36061018100,.3273809552192688,.32738096,1,-.46255448,.46255448,Moderate,4367
36061018200,36061018200,.2380952388048172,.23809524,1,-.58518809,.58518809,High,4368
36061018400,36061018400,.565476194024086,.28273809,2,-.1355315,.1355315,Low,4370
36061018500,36061018500,.8928571492433548,.29761904,3,.31412512,-.31412512,Low,4371
36061018600,36061018600,.2380952388048172,.23809524,1,-.58518809,.58518809,High,4372
36061018800,36061018800,.4761904776096344,.23809524,2,-.25816512,.25816512,Low,4373
36061018900,36061018900,.2380952388048172,.23809524,1,-.58518809,.58518809,High,1070
36061019000,36061019000,.2380952388048172,.23809524,1,-.58518809,.58518809,High,1058
36061019200,36061019200,.2380952388048172,.23809524,1,-.58518809,.58518809,High,4374
36061019400,36061019400,1.130952388048172,.28273809,4,.64114809,-.64114809,Least fragmented,4376
36061019600,36061019600,1.547619044780731,.25793651,6,1.2134383,-1.2134383,Least fragmented,4378
36061019701,36061019701,.2678571343421936,.26785713,1,-.54431027,.54431027,Moderate,4379
36061019800,36061019800,2.071428567171097,.41428572,5,1.9328889,-1.9328889,Least fragmented,962
36061020000,36061020000,.9523809552192688,.23809524,4,.39588085,-.39588085,Low,4391
36061020101,36061020101,1,1,1,.46128544,-.46128544,Least fragmented,1011
36061021200,36061021200,1.654761910438538,.55158728,3,1.3605987,-1.3605987,Least fragmented,4399
36061021303,36061021303,.4761904776096344,.23809524,2,-.25816512,.25816512,Low,3513
36061021500,36061021500,.8333333283662796,.27777779,3,.23236935,-.23236935,Low,1093
36061021800,36061021800,.2678571343421936,.26785713,1,-.54431027,.54431027,Moderate,4402
36061022102,36061022102,.2380952388048172,.23809524,1,-.58518809,.58518809,High,4404
36061022200,36061022200,1.565476194024086,.52182537,3,1.237965,-1.237965,Least fragmented,1012
36061022301,36061022301,.8035714328289032,.26785713,3,.19149148,-.19149148,Low,905
36061022302,36061022302,.4761904776096344,.23809524,2,-.25816512,.25816512,Low,4405
36061022400,36061022400,.3273809552192688,.32738096,1,-.46255448,.46255448,Moderate,4406
36061022600,36061022600,.2678571343421936,.26785713,1,-.54431027,.54431027,Moderate,4407
36061022700,36061022700,.2678571343421936,.26785713,1,-.54431027,.54431027,Moderate,4394
36061022800,36061022800,.2380952388048172,.23809524,1,-.58518809,.58518809,High,4408
36061023100,36061023100,.2380952388048172,.23809524,1,-.58518809,.58518809,High,3514
36061023200,36061023200,.3273809552192688,.32738096,1,-.46255448,.46255448,Moderate,1001
36061023900,36061023900,.8035714328289032,.26785713,3,.19149148,-.19149148,Low,830
36061024100,36061024100,.3273809552192688,.32738096,1,-.46255448,.46255448,Moderate,1052
36061024200,36061024200,.4761904776096344,.23809524,2,-.25816512,.25816512,Low,2060
36061024301,36061024301,.2380952388048172,.23809524,1,-.58518809,.58518809,High,832
36061024302,36061024302,.2380952388048172,.23809524,1,-.58518809,.58518809,High,833
36061024500,36061024500,.2380952388048172,.23809524,1,-.58518809,.58518809,High,834
36061024900,36061024900,.4761904776096344,.23809524,2,-.25816512,.25816512,Low,835
36061025100,36061025100,2.577380940318108,.36819726,7,2.6278126,-2.6278126,Least fragmented,1065
36061025500,36061025500,.2380952388048172,.23809524,1,-.58518809,.58518809,High,836
36061025700,36061025700,.2678571343421936,.26785713,1,-.54431027,.54431027,Moderate,2059
36061026100,36061026100,.4761904776096344,.23809524,2,-.25816512,.25816512,Low,1016
36061026900,36061026900,.4761904776096344,.23809524,2,-.25816512,.25816512,Low,840
36061027100,36061027100,.4761904776096344,.23809524,2,-.25816512,.25816512,Low,1112
36061027700,36061027700,.2380952388048172,.23809524,1,-.58518809,.58518809,High,842
36061027900,36061027900,.2380952388048172,.23809524,1,-.58518809,.58518809,High,843
36061028300,36061028300,.2380952388048172,.23809524,1,-.58518809,.58518809,High,1113
36061028500,36061028500,.3273809552192688,.32738096,1,-.46255448,.46255448,Moderate,844
36061029100,36061029100,.565476194024086,.28273809,2,-.1355315,.1355315,Low,852
36061029500,36061029500,.5059523731470108,.25297618,2,-.21728726,.21728726,Low,854
36061029900,36061029900,.3273809552192688,.32738096,1,-.46255448,.46255448,Moderate,858
36061030700,36061030700,1.773809507489204,.44345239,4,1.5241101,-1.5241101,Least fragmented,999
36061030900,36061030900,.565476194024086,.28273809,2,-.1355315,.1355315,Low,342
36081000701,36081000701,.2678571343421936,.26785713,1,-.54431027,.54431027,Moderate,360
36081001800,36081001800,.2380952388048172,.23809524,1,-.58518809,.58518809,High,1970
36081001901,36081001901,.3273809552192688,.32738096,1,-.46255448,.46255448,Moderate,364
36081001902,36081001902,.2380952388048172,.23809524,1,-.58518809,.58518809,High,473
36081002500,36081002500,2.327380955219269,.77579367,3,2.2844386,-2.2844386,Least fragmented,1973
36081003100,36081003100,.2380952388048172,.23809524,1,-.58518809,.58518809,High,1977
36081003302,36081003302,1,1,1,.46128544,-.46128544,Least fragmented,459
36081003900,36081003900,.3273809552192688,.32738096,1,-.46255448,.46255448,Moderate,5312
36081004300,36081004300,.3273809552192688,.32738096,1,-.46255448,.46255448,Moderate,5321
36081005700,36081005700,.2380952388048172,.23809524,1,-.58518809,.58518809,High,1791
36081006201,36081006201,.2380952388048172,.23809524,1,-.58518809,.58518809,High,3349
36081006202,36081006202,.2380952388048172,.23809524,1,-.58518809,.58518809,High,5293
36081007100,36081007100,.2380952388048172,.23809524,1,-.58518809,.58518809,High,132
36081007300,36081007300,1,1,1,.46128544,-.46128544,Least fragmented,2015
36081007700,36081007700,.4761904776096344,.23809524,2,-.25816512,.25816512,Low,67
36081008700,36081008700,.2380952388048172,.23809524,1,-.58518809,.58518809,High,69
36081009400,36081009400,.7142857164144516,.23809524,3,.068857864,-.068857864,Low,75
36081009600,36081009600,.3273809552192688,.32738096,1,-.46255448,.46255448,Moderate,77
36081011000,36081011000,.2380952388048172,.23809524,1,-.58518809,.58518809,High,138
36081011500,36081011500,.4761904776096344,.23809524,2,-.25816512,.25816512,Low,142
36081012601,36081012601,.2678571343421936,.26785713,1,-.54431027,.54431027,Moderate,1916
36081013200,36081013200,.3273809552192688,.32738096,1,-.46255448,.46255448,Moderate,149
36081014202,36081014202,.2678571343421936,.26785713,1,-.54431027,.54431027,Moderate,156
36081015300,36081015300,.2380952388048172,.23809524,1,-.58518809,.58518809,High,1992
36081015500,36081015500,.2380952388048172,.23809524,1,-.58518809,.58518809,High,161
36081016300,36081016300,.3273809552192688,.32738096,1,-.46255448,.46255448,Moderate,168
36081017600,36081017600,.2380952388048172,.23809524,1,-.58518809,.58518809,High,176
36081017901,36081017901,.3273809552192688,.32738096,1,-.46255448,.46255448,Moderate,477
36081018401,36081018401,.2380952388048172,.23809524,1,-.58518809,.58518809,High,214
36081019000,36081019000,.3273809552192688,.32738096,1,-.46255448,.46255448,Moderate,232
36081020400,36081020400,.2380952388048172,.23809524,1,-.58518809,.58518809,High,233
36081020800,36081020800,1.785714283585548,.25510204,7,1.5404613,-1.5404613,Least fragmented,235
36081021200,36081021200,2.505952373147011,.62648809,4,2.5297058,-2.5297058,Least fragmented,236
36081021400,36081021400,.2380952388048172,.23809524,1,-.58518809,.58518809,High,237
36081021601,36081021601,.565476194024086,.28273809,2,-.1355315,.1355315,Low,748
36081021602,36081021602,1.238095238804817,.61904764,2,.78830844,-.78830844,Least fragmented,603
36081023200,36081023200,1,1,1,.46128544,-.46128544,Least fragmented,1988
36081024000,36081024000,1.238095238804817,.61904764,2,.78830844,-.78830844,Least fragmented,5323
36081024500,36081024500,.3273809552192688,.32738096,1,-.46255448,.46255448,Moderate,5326
36081024700,36081024700,.2380952388048172,.23809524,1,-.58518809,.58518809,High,2001
36081024900,36081024900,.2380952388048172,.23809524,1,-.58518809,.58518809,High,5327
36081026501,36081026501,.3273809552192688,.32738096,1,-.46255448,.46255448,Moderate,112
36081026600,36081026600,.2380952388048172,.23809524,1,-.58518809,.58518809,High,5342
36081027200,36081027200,.3273809552192688,.32738096,1,-.46255448,.46255448,Moderate,5351
36081027600,36081027600,.2380952388048172,.23809524,1,-.58518809,.58518809,High,1983
36081027800,36081027800,.565476194024086,.28273809,2,-.1355315,.1355315,Low,5353
36081028200,36081028200,.2380952388048172,.23809524,1,-.58518809,.58518809,High,5357
36081028300,36081028300,1.327380955219269,.66369045,2,.91094208,-.91094208,Least fragmented,1999
36081029100,36081029100,.2380952388048172,.23809524,1,-.58518809,.58518809,High,5389
36081029400,36081029400,.4761904776096344,.23809524,2,-.25816512,.25816512,Low,3194
36081030904,36081030904,.2380952388048172,.23809524,1,-.58518809,.58518809,High,40
36081030906,36081030906,.2380952388048172,.23809524,1,-.58518809,.58518809,High,479
36081035200,36081035200,.565476194024086,.28273809,2,-.1355315,.1355315,Low,90
36081037502,36081037502,.6547619104385376,.32738096,2,-.012897877,.012897877,Low,114
36081040302,36081040302,.3273809552192688,.32738096,1,-.46255448,.46255448,Moderate,122
36081040901,36081040901,.2380952388048172,.23809524,1,-.58518809,.58518809,High,583
36081043900,36081043900,.2380952388048172,.23809524,1,-.58518809,.58518809,High,127
36081044400,36081044400,.2380952388048172,.23809524,1,-.58518809,.58518809,High,5288
36081044601,36081044601,1.488095238804817,.29761904,5,1.1316825,-1.1316825,Least fragmented,129
36081045000,36081045000,1,1,1,.46128544,-.46128544,Least fragmented,6
36081046200,36081046200,1.238095238804817,.61904764,2,.78830844,-.78830844,Least fragmented,21
36081046300,36081046300,.2380952388048172,.23809524,1,-.58518809,.58518809,High,22
36081048000,36081048000,.565476194024086,.28273809,2,-.1355315,.1355315,Low,1920
36081048100,36081048100,1.238095238804817,.61904764,2,.78830844,-.78830844,Least fragmented,1758
36081048200,36081048200,.3273809552192688,.32738096,1,-.46255448,.46255448,Moderate,580
36081048500,36081048500,.2380952388048172,.23809524,1,-.58518809,.58518809,High,425
36081050800,36081050800,.2380952388048172,.23809524,1,-.58518809,.58518809,High,321
36081053401,36081053401,.2380952388048172,.23809524,1,-.58518809,.58518809,High,359
36081054500,36081054500,.2380952388048172,.23809524,1,-.58518809,.58518809,High,402
36081055100,36081055100,.4761904776096344,.23809524,2,-.25816512,.25816512,Low,1757
36081055400,36081055400,.7142857164144516,.23809524,3,.068857864,-.068857864,Low,444
36081055700,36081055700,.2678571343421936,.26785713,1,-.54431027,.54431027,Moderate,446
36081056600,36081056600,.2380952388048172,.23809524,1,-.58518809,.58518809,High,650
36081056800,36081056800,.2380952388048172,.23809524,1,-.58518809,.58518809,High,448
36081060100,36081060100,.2380952388048172,.23809524,1,-.58518809,.58518809,High,285
36081063700,36081063700,.4761904776096344,.23809524,2,-.25816512,.25816512,Low,375
36081063900,36081063900,.2380952388048172,.23809524,1,-.58518809,.58518809,High,377
36081068300,36081068300,1,1,1,.46128544,-.46128544,Least fragmented,2035
36081069000,36081069000,.2380952388048172,.23809524,1,-.58518809,.58518809,High,455
36081069300,36081069300,2.238095238804817,.74603176,3,2.1618049,-2.1618049,Least fragmented,495
36081071100,36081071100,.565476194024086,.28273809,2,-.1355315,.1355315,Low,528
36081071304,36081071304,.4761904776096344,.23809524,2,-.25816512,.25816512,Low,3479
36081071305,36081071305,.2380952388048172,.23809524,1,-.58518809,.58518809,High,3480
36081071701,36081071701,1,1,1,.46128544,-.46128544,Least fragmented,3481
36081074300,36081074300,1,1,1,.46128544,-.46128544,Least fragmented,554
36081076901,36081076901,.3273809552192688,.32738096,1,-.46255448,.46255448,Moderate,1928
36081079900,36081079900,.2380952388048172,.23809524,1,-.58518809,.58518809,High,567
36081084500,36081084500,.3273809552192688,.32738096,1,-.46255448,.46255448,Moderate,357
36081085300,36081085300,.2380952388048172,.23809524,1,-.58518809,.58518809,High,1929
36081086500,36081086500,.2678571343421936,.26785713,1,-.54431027,.54431027,Moderate,398
36081087100,36081087100,1.130952388048172,.28273809,4,.64114809,-.64114809,Least fragmented,399
36081091900,36081091900,.2380952388048172,.23809524,1,-.58518809,.58518809,High,2032
36081093800,36081093800,.565476194024086,.28273809,2,-.1355315,.1355315,Low,272
36081094201,36081094201,.2380952388048172,.23809524,1,-.58518809,.58518809,High,708
36081094700,36081094700,.5357142686843872,.26785713,2,-.17640941,.17640941,Low,5360
36081096400,36081096400,.3273809552192688,.32738096,1,-.46255448,.46255448,Moderate,5361
36081097204,36081097204,.2380952388048172,.23809524,1,-.58518809,.58518809,High,5331
36081097205,36081097205,.4761904776096344,.23809524,2,-.25816512,.25816512,Low,181
36081099801,36081099801,1.267857134342194,.63392854,2,.82918632,-.82918632,Least fragmented,3451
36081099802,36081099802,.4761904776096344,.23809524,2,-.25816512,.25816512,Low,3191
36081100803,36081100803,.3273809552192688,.32738096,1,-.46255448,.46255448,Moderate,485
36081100804,36081100804,.5357142686843872,.26785713,2,-.17640941,.17640941,Low,486
36081101002,36081101002,.2380952388048172,.23809524,1,-.58518809,.58518809,High,683
36081101003,36081101003,2.994047611951828,.37425596,8,3.200103,-3.200103,Least fragmented,483
36081101004,36081101004,.4761904776096344,.23809524,2,-.25816512,.25816512,Low,482
36081103202,36081103202,.3273809552192688,.32738096,1,-.46255448,.46255448,Moderate,5346
36081108500,36081108500,.2380952388048172,.23809524,1,-.58518809,.58518809,High,5290
36081114100,36081114100,.2380952388048172,.23809524,1,-.58518809,.58518809,High,5382
36081116301,36081116301,.2380952388048172,.23809524,1,-.58518809,.58518809,High,468
36081117500,36081117500,.2380952388048172,.23809524,1,-.58518809,.58518809,High,736
36081120100,36081120100,1,1,1,.46128544,-.46128544,Least fragmented,1775
36081121500,36081121500,1.238095238804817,.61904764,2,.78830844,-.78830844,Least fragmented,625
36081122300,36081122300,2,1,2,1.834782,-1.834782,Least fragmented,626
36081122702,36081122702,.2380952388048172,.23809524,1,-.58518809,.58518809,High,628
36081122704,36081122704,.2380952388048172,.23809524,1,-.58518809,.58518809,High,602
36081133900,36081133900,.5059523731470108,.25297618,2,-.21728726,.21728726,Low,2020
36081134100,36081134100,4,1,4,4.5817752,-4.5817752,Least fragmented,672
36081145101,36081145101,.7142857164144516,.23809524,3,.068857864,-.068857864,Low,504
36081146300,36081146300,.4761904776096344,.23809524,2,-.25816512,.25816512,Low,510
36081146700,36081146700,.2678571343421936,.26785713,1,-.54431027,.54431027,Moderate,511
36081147900,36081147900,.2380952388048172,.23809524,1,-.58518809,.58518809,High,513
36081155104,36081155104,2.238095238804817,.74603176,3,2.1618049,-2.1618049,Least fragmented,490
36081157902,36081157902,2,1,2,1.834782,-1.834782,Least fragmented,575
36081157903,36081157903,.4761904776096344,.23809524,2,-.25816512,.25816512,Low,576
36085000300,36085000300,.565476194024086,.28273809,2,-.1355315,.1355315,Low,812
36085000700,36085000700,.2380952388048172,.23809524,1,-.58518809,.58518809,High,992
36085002700,36085002700,.9821428656578064,.32738096,3,.43675873,-.43675873,Low,941
36085004001,36085004001,.565476194024086,.28273809,2,-.1355315,.1355315,Low,3407
36085006400,36085006400,.2380952388048172,.23809524,1,-.58518809,.58518809,High,870
36085006700,36085006700,1,1,1,.46128544,-.46128544,Least fragmented,951
36085007001,36085007001,1.66666667163372,.23809524,7,1.3769498,-1.3769498,Least fragmented,3409
36085007002,36085007002,1.011904746294022,.25297618,4,.47763658,-.47763658,Least fragmented,4159
36085009601,36085009601,.4761904776096344,.23809524,2,-.25816512,.25816512,Low,874
36085010500,36085010500,.744047611951828,.24801587,3,.10973573,-.10973573,Low,991
36085011201,36085011201,1.130952388048172,.28273809,4,.64114809,-.64114809,Least fragmented,947
36085012200,36085012200,.4761904776096344,.23809524,2,-.25816512,.25816512,Low,946
36085013301,36085013301,.2380952388048172,.23809524,1,-.58518809,.58518809,High,1096
36085016901,36085016901,.2380952388048172,.23809524,1,-.58518809,.58518809,High,804
36085017005,36085017005,.2380952388048172,.23809524,1,-.58518809,.58518809,High,821
36085017600,36085017600,.2380952388048172,.23809524,1,-.58518809,.58518809,High,824
36085018704,36085018704,.5059523731470108,.25297618,2,-.21728726,.21728726,Low,4118
36085019800,36085019800,2.238095238804817,.74603176,3,2.1618049,-2.1618049,Least fragmented,4531
36085021300,36085021300,1.130952388048172,.28273809,4,.64114809,-.64114809,Least fragmented,990
36085023100,36085023100,.2380952388048172,.23809524,1,-.58518809,.58518809,High,900
36085027302,36085027302,1.238095238804817,.61904764,2,.78830844,-.78830844,Least fragmented,986
36085027704,36085027704,.2380952388048172,.23809524,1,-.58518809,.58518809,High,985
36085029104,36085029104,.2380952388048172,.23809524,1,-.58518809,.58518809,High,987
36085029105,36085029105,1.238095238804817,.61904764,2,.78830844,-.78830844,Least fragmented,4300
36085029106,36085029106,.4761904776096344,.23809524,2,-.25816512,.25816512,Low,3406
36085030302,36085030302,.6547619104385376,.32738096,2,-.012897877,.012897877,Low,948
36085031901,36085031901,.3273809552192688,.32738096,1,-.46255448,.46255448,Moderate,4014
